wavelength_nm,pct_reflect
350.0,0.03064721176067047
351.0,0.046079998930972484
352.0,0.029482026689256632
353.0,0.032226182644962326
354.0,0.04317334678170759
355.0,0.05452417315580947
356.0,0.06494117227683581
357.0,0.05133045195916316
358.0,0.052746006589865765
359.0,0.07422271291445831
360.0,0.0695925794217953
361.0,0.06294072999967244
362.0,0.060811560297294356
363.0,0.061760360105416086
364.0,0.05601998440854129
365.0,0.056605045777404744
366.0,0.05923197988815295
367.0,0.05854486902254274
368.0,0.05757335179144257
369.0,0.06031091496968789
370.0,0.06189869114241886
371.0,0.05711979773864849
372.0,0.05390559488609598
373.0,0.05449744366963605
374.0,0.055830302022562554
375.0,0.05268996491356916
376.0,0.05396799026174608
377.0,0.05536570168288337
378.0,0.05457414980917854
379.0,0.0540455874271544
380.0,0.05318291253785107
381.0,0.05293359982184101
382.0,0.05373412072199724
383.0,0.05406518127652633
384.0,0.05409790955164127
385.0,0.05406161829076309
386.0,0.05408691917827056
387.0,0.05347243563118082
388.0,0.05385174166131335
389.0,0.054825572366085956
390.0,0.05452331606694261
391.0,0.054269376179655944
392.0,0.05409716643131692
393.0,0.05402587293202304
394.0,0.0543125085600211
395.0,0.05470959080107327
396.0,0.05466896854934741
397.0,0.05414968494438695
398.0,0.05471655045407127
399.0,0.05464109025944498
400.0,0.054344979009241026
401.0,0.054734446774027674
402.0,0.05407966788123385
403.0,0.05359849465290958
404.0,0.05368555908868003
405.0,0.053869515608963615
406.0,0.053459478183780156
407.0,0.053121152382728375
408.0,0.05318273826252056
409.0,0.053158682923920834
410.0,0.053203022279236095
411.0,0.0530419915625767
412.0,0.05256314164300221
413.0,0.05238085878124961
414.0,0.05222503067693749
415.0,0.051981450176726465
416.0,0.05168723706646283
417.0,0.05179399874010729
418.0,0.05187703014450898
419.0,0.05169276980699103
420.0,0.05127220218920418
421.0,0.051370412576985255
422.0,0.05148844504825476
423.0,0.05128297720199894
424.0,0.051038167392859525
425.0,0.05106067500371066
426.0,0.051092224683871236
427.0,0.05089628065197158
428.0,0.05096921322782234
429.0,0.05101619714415855
430.0,0.05098623684111253
431.0,0.05096590602389924
432.0,0.050839243436936285
433.0,0.0507038555897964
434.0,0.05065462478522639
435.0,0.05075162597343338
436.0,0.050821089339497055
437.0,0.05078370475863796
438.0,0.050651273093773604
439.0,0.05057866984606203
440.0,0.050591754910482685
441.0,0.05059924694621141
442.0,0.050509740405583335
443.0,0.0505232647237281
444.0,0.05047464668568779
445.0,0.05038587343837178
446.0,0.050438603311489624
447.0,0.0504033551840509
448.0,0.05037512469421038
449.0,0.050408004778240145
450.0,0.050385425857132
451.0,0.05032238807359584
452.0,0.05027051264814901
453.0,0.050272978304692045
454.0,0.05028713716205934
455.0,0.05027706035357964
456.0,0.05023483265444903
457.0,0.05017521575039273
458.0,0.05011865062996882
459.0,0.05007808213235344
460.0,0.05006520855951766
461.0,0.05009212417474407
462.0,0.0501628005871014
463.0,0.05020920697758493
464.0,0.05019289083910115
465.0,0.05022918307229635
466.0,0.05024811072195094
467.0,0.050258812174044785
468.0,0.05030898465283717
469.0,0.050385783034556424
470.0,0.050450958240883546
471.0,0.05051359657035361
472.0,0.050640062096998346
473.0,0.05069567257388049
474.0,0.050742601667301115
475.0,0.050852827184091204
476.0,0.051009550779149336
477.0,0.05109673217263927
478.0,0.05113260130412719
479.0,0.05120081977141833
480.0,0.05133822483222976
481.0,0.0515011160094118
482.0,0.051655186198800065
483.0,0.05178668591981106
484.0,0.05191487280703707
485.0,0.052053456591263036
486.0,0.05219708010548138
487.0,0.052290688759474055
488.0,0.05244268394985752
489.0,0.05262964225487126
490.0,0.05277413994707415
491.0,0.052824241217844826
492.0,0.05289705896592628
493.0,0.053028438846301776
494.0,0.05316771672501776
495.0,0.0533432361212506
496.0,0.05347369045155243
497.0,0.05354612593287129
498.0,0.05374153853700004
499.0,0.05385676511693675
500.0,0.053985042142409345
501.0,0.054245664692768106
502.0,0.05432398441620972
503.0,0.05446279517786422
504.0,0.05471503244324961
505.0,0.05494568990937717
506.0,0.05512231517638377
507.0,0.05534726860020505
508.0,0.05566987314267372
509.0,0.05599024993359122
510.0,0.05628850354434213
511.0,0.05664737606605123
512.0,0.05713205187785931
513.0,0.05753748705629742
514.0,0.058026984981985955
515.0,0.05863610001848091
516.0,0.05928727344739677
517.0,0.06004059531644209
518.0,0.06081471616850416
519.0,0.06160513200270329
520.0,0.06259372449573378
521.0,0.06362727895429922
522.0,0.06475341410600918
523.0,0.06604803650078195
524.0,0.06740765879819995
525.0,0.06886461040978008
526.0,0.07045914423679886
527.0,0.07222516387023832
528.0,0.07406302642956493
529.0,0.07598901078756362
530.0,0.07803442761672649
531.0,0.08021261431108605
532.0,0.0825665125381954
533.0,0.08509611161948545
534.0,0.08776542557877469
535.0,0.09048870888884504
536.0,0.09333164152987798
537.0,0.09633406332184781
538.0,0.09950909846813621
539.0,0.10290072881348748
540.0,0.10649862140434968
541.0,0.11025536482843645
542.0,0.1141139395765512
543.0,0.11774762490857567
544.0,0.12100664443848226
545.0,0.12383390362245048
546.0,0.1262148202004423
547.0,0.1283122412300232
548.0,0.1302934285611936
549.0,0.1323127460815986
550.0,0.1343441707220876
551.0,0.13629335406162377
552.0,0.13808657871285002
553.0,0.13971124413546313
554.0,0.1411860912803772
555.0,0.14253585445518122
556.0,0.1437919011351304
557.0,0.14499546370271008
558.0,0.14611452332337826
559.0,0.14715082881664385
560.0,0.14813747361479782
561.0,0.14908067328933364
562.0,0.14998871853857407
563.0,0.15086322081529943
564.0,0.15168749574517276
565.0,0.1525231393632329
566.0,0.15334634488397683
567.0,0.1541092407034658
568.0,0.1548471922857957
569.0,0.15558366736078896
570.0,0.1562945591373198
571.0,0.15691239204795468
572.0,0.157492268974031
573.0,0.15804718674847307
574.0,0.1585847374841574
575.0,0.15911631764406498
576.0,0.15965698194947264
577.0,0.16019845763201024
578.0,0.16072063196729214
579.0,0.16121462185034216
580.0,0.16168868189091487
581.0,0.16214692181396806
582.0,0.1625870465230684
583.0,0.16300275472624495
584.0,0.16333940821877893
585.0,0.1635999244925777
586.0,0.16397040357279846
587.0,0.16431444902814474
588.0,0.16447067490421086
589.0,0.16434023053967187
590.0,0.1642472775915329
591.0,0.1643689231774018
592.0,0.16466835442367597
593.0,0.16488680487530372
594.0,0.16493290032255048
595.0,0.16489865737575993
596.0,0.1649265540920588
597.0,0.1651495042328514
598.0,0.16547038087446186
599.0,0.16576014194051888
600.0,0.16589164456684574
601.0,0.16588181539438546
602.0,0.16586514300197497
603.0,0.16592038305849965
604.0,0.16603589356207718
605.0,0.1662137669001594
606.0,0.16643080867359075
607.0,0.1667665813609155
608.0,0.16745828955179648
609.0,0.1697146312852216
610.0,0.17331907144918401
611.0,0.17681894763545034
612.0,0.1765680062351848
613.0,0.17416572132333819
614.0,0.17156398156030916
615.0,0.1703297816691352
616.0,0.16951047784068984
617.0,0.16898315019680432
618.0,0.16879059601037982
619.0,0.1689146019200397
620.0,0.16908305430548895
621.0,0.16917129970425268
622.0,0.1691707431648279
623.0,0.16913924047279869
624.0,0.16910556581011868
625.0,0.1690815720765973
626.0,0.16905824365358585
627.0,0.16911148752539187
628.0,0.1692510457195687
629.0,0.16948256478615775
630.0,0.1699292745958206
631.0,0.17008580525110176
632.0,0.16983448086274677
633.0,0.16937731464651046
634.0,0.16917000146776956
635.0,0.1691614742846747
636.0,0.16923449915584982
637.0,0.169289401740157
638.0,0.16935821498308468
639.0,0.16943922776403453
640.0,0.1695258053952844
641.0,0.1696204016174767
642.0,0.1696871663450734
643.0,0.1697557149695134
644.0,0.16988564656675226
645.0,0.169998722241082
646.0,0.17006163705538702
647.0,0.1701022896812785
648.0,0.17022885825587294
649.0,0.1704258196471951
650.0,0.1706155028074813
651.0,0.1707179301546822
652.0,0.1707112377694002
653.0,0.17069919396818645
654.0,0.17071370145489476
655.0,0.17073906446925732
656.0,0.17080828006834342
657.0,0.17087134741009657
658.0,0.17091227733027964
659.0,0.17097942032937366
660.0,0.17103930989020785
661.0,0.1711304959609868
662.0,0.1712690691542418
663.0,0.1713388109925211
664.0,0.1713453083416826
665.0,0.17135117209708778
666.0,0.1714343398514469
667.0,0.17148949984244252
668.0,0.17153084710260924
669.0,0.17158224390214835
670.0,0.17166175466585468
671.0,0.17173451381246158
672.0,0.17178991375603314
673.0,0.17183693239157272
674.0,0.1719237674960706
675.0,0.17199883067206234
676.0,0.17206145659076919
677.0,0.1721351087759786
678.0,0.17219091892870808
679.0,0.1722475310327059
680.0,0.1723091491009166
681.0,0.17235660343343967
682.0,0.17242153181136177
683.0,0.17249711609226606
684.0,0.17257111212194506
685.0,0.17263699245116546
686.0,0.17276180603828792
687.0,0.17290307876752334
688.0,0.17297164433715725
689.0,0.17295989129927034
690.0,0.17294092605714548
691.0,0.1729654826027603
692.0,0.173047052809978
693.0,0.17314018215067475
694.0,0.17320420011252247
695.0,0.17322149167212414
696.0,0.17321748677249685
697.0,0.17323230397395623
698.0,0.17325997159111
699.0,0.17328027066945623
700.0,0.17331927960859095
701.0,0.17335020332077217
702.0,0.17337264974763197
703.0,0.17341473172705507
704.0,0.1735143138048407
705.0,0.17366938177722738
706.0,0.17384751959568637
707.0,0.1739781079795521
708.0,0.17408011632891154
709.0,0.17407130630450124
710.0,0.1739130730702722
711.0,0.1738602368822109
712.0,0.17386154728648065
713.0,0.17379156735765638
714.0,0.17352385463801917
715.0,0.1733779840899432
716.0,0.17331116761239537
717.0,0.17325824708392473
718.0,0.17319935675023274
719.0,0.17314679242211864
720.0,0.17309833738568017
721.0,0.17304576570214084
722.0,0.17296948178908603
723.0,0.17291017156138244
724.0,0.17286644832177211
725.0,0.1728117149902193
726.0,0.17272126579337868
727.0,0.1726173487303487
728.0,0.17250744184080263
729.0,0.17237848732161873
730.0,0.17222985232211474
731.0,0.1720746975471522
732.0,0.17192534139225585
733.0,0.17178507996578543
734.0,0.1716531363473938
735.0,0.17153165488453467
736.0,0.17142566127780004
737.0,0.17134851883763014
738.0,0.17128339834506
739.0,0.17123572152342378
740.0,0.17122503397976443
741.0,0.17122895678832378
742.0,0.17123696240505104
743.0,0.17124449826597846
744.0,0.1712532410336476
745.0,0.17126847787437807
746.0,0.17128269799549192
747.0,0.17129579432799688
748.0,0.1713395044958807
749.0,0.1713880313943772
750.0,0.17143101356217544
751.0,0.17146533192725089
752.0,0.17148362549338259
753.0,0.1714986902153151
754.0,0.17152705642998115
755.0,0.17158330027596874
756.0,0.1716319450065599
757.0,0.17168963095411494
758.0,0.1717575977406953
759.0,0.17179542446651105
760.0,0.17183358697289675
761.0,0.17188593056653367
762.0,0.1719488894848583
763.0,0.1719763570700043
764.0,0.17202733235568093
765.0,0.17209148244865602
766.0,0.17213027106128942
767.0,0.17217971335405566
768.0,0.1722317395249292
769.0,0.1722864467364548
770.0,0.1723534328403973
771.0,0.1724154941739791
772.0,0.17247519981671058
773.0,0.17254049008144118
774.0,0.17262227733590915
775.0,0.17271175662432486
776.0,0.17279958871165177
777.0,0.17287876262164845
778.0,0.17294961476159265
779.0,0.17301741745731483
780.0,0.1730910961840674
781.0,0.17317648427034552
782.0,0.17325472116866453
783.0,0.1733347637050483
784.0,0.1734180532094829
785.0,0.17349738920829869
786.0,0.17356047713747433
787.0,0.17363524323442578
788.0,0.17372185470962892
789.0,0.17376927765876152
790.0,0.17386134324907307
791.0,0.17397592280389995
792.0,0.17407181892829832
793.0,0.17413131313898791
794.0,0.17420515596485753
795.0,0.17428829219226438
796.0,0.17436018572564613
797.0,0.17444567151094129
798.0,0.17451527517951962
799.0,0.1745797330341188
800.0,0.1746710786828413
801.0,0.17474686829066272
802.0,0.1748259183471147
803.0,0.17490638169849307
804.0,0.1749577944923503
805.0,0.1749899572675141
806.0,0.17503377642420584
807.0,0.1750960304791939
808.0,0.1751318459767963
809.0,0.17516865220456018
810.0,0.17521503921886042
811.0,0.17526767289560102
812.0,0.175303611733342
813.0,0.17534345526857686
814.0,0.17537176498706306
815.0,0.1753670684626494
816.0,0.1753559070256854
817.0,0.17534803083218697
818.0,0.17534927973374653
819.0,0.1753574038526828
820.0,0.17533777936432032
821.0,0.17529073709339366
822.0,0.17523043022828044
823.0,0.17517884206204673
824.0,0.17512699978987334
825.0,0.17503927147815704
826.0,0.1749059800473875
827.0,0.1747661681273614
828.0,0.17460434289930513
829.0,0.174421997486577
830.0,0.1742326224974438
831.0,0.1740669200575824
832.0,0.17392226665983718
833.0,0.17377991902223228
834.0,0.17363771658266652
835.0,0.17357826158330575
836.0,0.17353905181891924
837.0,0.1734919511711932
838.0,0.1734350719116181
839.0,0.17338984864828696
840.0,0.17335894913328853
841.0,0.17333607801444104
842.0,0.17331132100476535
843.0,0.17329744864930754
844.0,0.173288689270371
845.0,0.17327669570069718
846.0,0.1732554128966884
847.0,0.17325366213994314
848.0,0.17324881726841276
849.0,0.1732321806736228
850.0,0.1732267510298069
851.0,0.17321822850994958
852.0,0.17322328108407645
853.0,0.1732385013445428
854.0,0.17320820802655473
855.0,0.17321571115695789
856.0,0.17322878900264876
857.0,0.17321257938338447
858.0,0.17322184014003766
859.0,0.17320647256962127
860.0,0.1731993614706902
861.0,0.173232897086281
862.0,0.17323020528215574
863.0,0.17320663064271813
864.0,0.1731699354292374
865.0,0.17312924953617975
866.0,0.17311056672797281
867.0,0.17311138796332415
868.0,0.17310392827164095
869.0,0.1730619196316114
870.0,0.17305884507378463
871.0,0.17302172811550295
872.0,0.17296157565965592
873.0,0.172947033599344
874.0,0.1728995010248663
875.0,0.1728439330807094
876.0,0.1727921042014076
877.0,0.1727321344900995
878.0,0.17264967010152815
879.0,0.17258297082530827
880.0,0.17253023274157014
881.0,0.17244242673242213
882.0,0.1723856075565694
883.0,0.17234473142081025
884.0,0.1722895487645279
885.0,0.17219347052283268
886.0,0.17210344766064198
887.0,0.17203128456631578
888.0,0.17196473575330307
889.0,0.17186881555024666
890.0,0.17178937573682876
891.0,0.1717046339653211
892.0,0.17161733840712046
893.0,0.17160042556276575
894.0,0.17155383844483185
895.0,0.17146238331594313
896.0,0.1713572082788747
897.0,0.17131407064568682
898.0,0.1712280442961395
899.0,0.1711387461323575
900.0,0.1710823488059842
901.0,0.17098891077794948
902.0,0.17089474224211698
903.0,0.17083893705193615
904.0,0.17081485606567448
905.0,0.1707003963850003
906.0,0.17059520984439308
907.0,0.17049492239189457
908.0,0.17037446791818447
909.0,0.17024260373188405
910.0,0.1701334351679205
911.0,0.17000963696156735
912.0,0.1698384455399153
913.0,0.16967422574644334
914.0,0.16949744203119355
915.0,0.1692952597642528
916.0,0.16906511081299036
917.0,0.16882873658439218
918.0,0.1685799758436909
919.0,0.168294722115707
920.0,0.1679548794029058
921.0,0.16757726489251512
922.0,0.1672020987856074
923.0,0.16679356737046794
924.0,0.16631057016909417
925.0,0.16577418665761665
926.0,0.1652473369226094
927.0,0.16473064650598557
928.0,0.16418190483756223
929.0,0.1635146295604974
930.0,0.16286519699377824
931.0,0.1622184632590588
932.0,0.16152156783043625
933.0,0.16075832795972408
934.0,0.15997496359749874
935.0,0.15918634586976638
936.0,0.15838662623937916
937.0,0.1575506682038643
938.0,0.15673910992748852
939.0,0.15587621191102966
940.0,0.15490940465947997
941.0,0.15391398041934104
942.0,0.15292211446920495
943.0,0.1519640233640515
944.0,0.15100380016749862
945.0,0.14990787462455937
946.0,0.14868619454413828
947.0,0.14740530961366755
948.0,0.14611702366542814
949.0,0.1448154235051618
950.0,0.14345833980976502
951.0,0.1420595317206139
952.0,0.14066797955609894
953.0,0.13935542866333342
954.0,0.13809137393337895
955.0,0.1368811196846981
956.0,0.13570635071826115
957.0,0.13453182204899425
958.0,0.13352629608393185
959.0,0.1326870967425688
960.0,0.13195002364312855
961.0,0.13124743500930736
962.0,0.13071417163040877
963.0,0.13027656240837052
964.0,0.12989186096851593
965.0,0.12956202411602377
966.0,0.12930281479444897
967.0,0.12903765561205893
968.0,0.1288313519405763
969.0,0.12876594546679956
970.0,0.12860042860403761
971.0,0.12849541244546192
972.0,0.1284264474263643
973.0,0.1283138624836735
974.0,0.12820879781256425
975.0,0.12820927010292274
976.0,0.1282432146770814
977.0,0.12823853488279355
978.0,0.12828109058835296
979.0,0.12840681066645465
980.0,0.12850274662688854
981.0,0.1285397111348698
982.0,0.1286937976230063
983.0,0.12893771226042497
984.0,0.12916706467808425
985.0,0.1293713501728348
986.0,0.12965906033618557
987.0,0.12991784611428692
988.0,0.13017343025874362
989.0,0.13048489440971384
990.0,0.13088022756489298
991.0,0.13114252063499932
992.0,0.131519054920176
993.0,0.13195537860304865
994.0,0.1322819920540087
995.0,0.13272720209088962
996.0,0.1330512541944562
997.0,0.13343271034599463
998.0,0.13400685746685148
999.0,0.13435797388077342
1000.0,0.13472039828869878
1001.0,0.1331907651670209
1002.0,0.13363740693175535
1003.0,0.134099869271671
1004.0,0.13455021216934812
1005.0,0.13502363332138023
1006.0,0.13551689795738756
1007.0,0.13601562266902797
1008.0,0.13650593830956886
1009.0,0.13703227897789944
1010.0,0.13760152907633424
1011.0,0.138145751983577
1012.0,0.1386911269124783
1013.0,0.1392478438000107
1014.0,0.13980088425280882
1015.0,0.1403552062941972
1016.0,0.14091631743810754
1017.0,0.14149773836166235
1018.0,0.1420642141887216
1019.0,0.14260684017009484
1020.0,0.14319169759066414
1021.0,0.14380446213405965
1022.0,0.14439889639468556
1023.0,0.14501405759664904
1024.0,0.1456092335745945
1025.0,0.14617579483886933
1026.0,0.1467656236245467
1027.0,0.14737462207980975
1028.0,0.1479655300180187
1029.0,0.14855801529137405
1030.0,0.149151756978026
1031.0,0.14972072065230393
1032.0,0.1502793952603169
1033.0,0.15082829765281455
1034.0,0.15136263365528588
1035.0,0.1519045899133932
1036.0,0.1524467502527334
1037.0,0.15297286009094047
1038.0,0.15350452630252656
1039.0,0.1540139400831103
1040.0,0.15449841301472683
1041.0,0.15498317183160792
1042.0,0.15547258126923189
1043.0,0.15593830505597187
1044.0,0.15637003350716586
1045.0,0.15677933442796654
1046.0,0.15718171432802663
1047.0,0.15756706244238222
1048.0,0.1579488451730783
1049.0,0.15833096999761898
1050.0,0.15867900744928992
1051.0,0.15899649669703497
1052.0,0.15930800019422706
1053.0,0.15960223907186227
1054.0,0.15987767815158244
1055.0,0.1601393013579653
1056.0,0.16038564373979577
1057.0,0.16061361132866425
1058.0,0.16082911804360278
1059.0,0.1610351953763703
1060.0,0.16119922687534916
1061.0,0.16132819185788702
1062.0,0.1614643260931998
1063.0,0.16159518313884527
1064.0,0.16170122881461885
1065.0,0.1617846169208459
1066.0,0.16185287984252003
1067.0,0.16190211842293828
1068.0,0.16192744548168456
1069.0,0.16194112841275993
1070.0,0.16194547478289728
1071.0,0.16193099315225387
1072.0,0.16189545421762214
1073.0,0.1618502226200266
1074.0,0.16179609501396514
1075.0,0.161737365988511
1076.0,0.16167277610912675
1077.0,0.16155258602138084
1078.0,0.16141943100741266
1079.0,0.16127931869297382
1080.0,0.1611027764856912
1081.0,0.16093727323646062
1082.0,0.1607596275387625
1083.0,0.16057366521956973
1084.0,0.16037298282993262
1085.0,0.16016796792037638
1086.0,0.15994749430814484
1087.0,0.15970804621583065
1088.0,0.159447004543356
1089.0,0.15916118466198012
1090.0,0.1588603926915695
1091.0,0.15855642197400427
1092.0,0.1582462664403239
1093.0,0.15793938471188979
1094.0,0.15763198545721735
1095.0,0.15730536912025098
1096.0,0.1569731363003211
1097.0,0.15663911377783638
1098.0,0.1562960747156518
1099.0,0.15595394691114392
1100.0,0.15560978752426852
1101.0,0.1552663063049806
1102.0,0.15492019740565452
1103.0,0.15457048743245042
1104.0,0.15421432868437637
1105.0,0.153864039713394
1106.0,0.15351134321358928
1107.0,0.15316193945346873
1108.0,0.1528226292559772
1109.0,0.1524694313819796
1110.0,0.15211690422579063
1111.0,0.15175606072917658
1112.0,0.1513844105871737
1113.0,0.15103134576690247
1114.0,0.1506499141539816
1115.0,0.1502576949892595
1116.0,0.14984244245325487
1117.0,0.1494124103081665
1118.0,0.14893238643883813
1119.0,0.1484223280012024
1120.0,0.14787777896941853
1121.0,0.14728340180391733
1122.0,0.1466429069182428
1123.0,0.14593383143487154
1124.0,0.14516071568395236
1125.0,0.14430798768835887
1126.0,0.14336281743581064
1127.0,0.14233420167490474
1128.0,0.14119734538766912
1129.0,0.13995077420742766
1130.0,0.13861692651374966
1131.0,0.13719284909348178
1132.0,0.13565306635375626
1133.0,0.13399609771882387
1134.0,0.13225362422025005
1135.0,0.13040233705563486
1136.0,0.12848764510944516
1137.0,0.12651544531790118
1138.0,0.12450412448506967
1139.0,0.12249761796927694
1140.0,0.1204381916456051
1141.0,0.11839531954582226
1142.0,0.1164111515617654
1143.0,0.11443596001352972
1144.0,0.11255690535067361
1145.0,0.11076269810456318
1146.0,0.10902345165473558
1147.0,0.1074069116479034
1148.0,0.10586834523568547
1149.0,0.1044510641949404
1150.0,0.10313901027620699
1151.0,0.10196424475802482
1152.0,0.10088393248566328
1153.0,0.09991380894769412
1154.0,0.09904431244485129
1155.0,0.09827115493521715
1156.0,0.09759639834409801
1157.0,0.09699452540140087
1158.0,0.09647088057470639
1159.0,0.09601647718185685
1160.0,0.09561904375131944
1161.0,0.09527506040897242
1162.0,0.09496259249489925
1163.0,0.09470215671438684
1164.0,0.09446892721892955
1165.0,0.09427767591321053
1166.0,0.09409653820196816
1167.0,0.09394566539361397
1168.0,0.0938177491545681
1169.0,0.0936966140137681
1170.0,0.09358777829807945
1171.0,0.09349721977259659
1172.0,0.09341522872401546
1173.0,0.09333022196515048
1174.0,0.09324218063568883
1175.0,0.09316317903321772
1176.0,0.09309387536824754
1177.0,0.09302787256007135
1178.0,0.0929513534542074
1179.0,0.09286764390121077
1180.0,0.09277035038734356
1181.0,0.0926863218039478
1182.0,0.09260399848260119
1183.0,0.09251719481594793
1184.0,0.09243134714021664
1185.0,0.09234751411148473
1186.0,0.09225155626998299
1187.0,0.09217468063725627
1188.0,0.09209881248105202
1189.0,0.09202509846716533
1190.0,0.09196633918900439
1191.0,0.09190826391979467
1192.0,0.09186190826134016
1193.0,0.09183211749113088
1194.0,0.09179730074912794
1195.0,0.09176514735455558
1196.0,0.09175009719384283
1197.0,0.09174536934907045
1198.0,0.0917542215243587
1199.0,0.09177793721266406
1200.0,0.09181046523628654
1201.0,0.09185940850749842
1202.0,0.09190897917953612
1203.0,0.09197191633924261
1204.0,0.0920279084613886
1205.0,0.09207933690517334
1206.0,0.09213809218352292
1207.0,0.09220932089313082
1208.0,0.09229170734126158
1209.0,0.09238177218948687
1210.0,0.09247837431700176
1211.0,0.09256951355133763
1212.0,0.0926603783690076
1213.0,0.0927637421109649
1214.0,0.092882399750207
1215.0,0.09298805734484282
1216.0,0.09309145422206758
1217.0,0.09320143385880547
1218.0,0.09330764679327304
1219.0,0.09341814745466888
1220.0,0.09353830299085988
1221.0,0.09365623294029032
1222.0,0.09376982912984917
1223.0,0.09389148860542329
1224.0,0.09401763105649212
1225.0,0.0941479520088571
1226.0,0.09428863310821765
1227.0,0.09441936383258374
1228.0,0.09454719951173447
1229.0,0.09468728504058627
1230.0,0.09484008929055227
1231.0,0.09498388569650737
1232.0,0.09512336418847105
1233.0,0.095266073496814
1234.0,0.09540812672804604
1235.0,0.0955378787357779
1236.0,0.09567768723992975
1237.0,0.09582864788601421
1238.0,0.09597292793677066
1239.0,0.09611355860355109
1240.0,0.09625652218258966
1241.0,0.09640317585262417
1242.0,0.09654589054613157
1243.0,0.09668748663428889
1244.0,0.09682620410904998
1245.0,0.09696184607472381
1246.0,0.0970936384348518
1247.0,0.09723253272598231
1248.0,0.0973787657211508
1249.0,0.09752388489429761
1250.0,0.0976630162846793
1251.0,0.09779057220039251
1252.0,0.09790325065134622
1253.0,0.09802449670973401
1254.0,0.09813895795063726
1255.0,0.09826179777435089
1256.0,0.09839787106219834
1257.0,0.09851658178717106
1258.0,0.09863138513266718
1259.0,0.09873976019781036
1260.0,0.09884167083672343
1261.0,0.09893393225991791
1262.0,0.09902176459400579
1263.0,0.09910018978831282
1264.0,0.09916461658535809
1265.0,0.09922493008381168
1266.0,0.09929329989921726
1267.0,0.09933233333892293
1268.0,0.09935578294658465
1269.0,0.09936380577628318
1270.0,0.09935069335911194
1271.0,0.09930870167225182
1272.0,0.09926719960497682
1273.0,0.0992197236182213
1274.0,0.09914582842356807
1275.0,0.09905946442010016
1276.0,0.09894664607691059
1277.0,0.09880913684557824
1278.0,0.09865391278458761
1279.0,0.09847958061977484
1280.0,0.09828627052559376
1281.0,0.09807299853956836
1282.0,0.09783957645626858
1283.0,0.09758921728774117
1284.0,0.0973138918069859
1285.0,0.09700866237590927
1286.0,0.09669619915477679
1287.0,0.09637616638991814
1288.0,0.09602581172090717
1289.0,0.09565754314783438
1290.0,0.09526714532155452
1291.0,0.09485865349968055
1292.0,0.0944163327559845
1293.0,0.09397756000868696
1294.0,0.0935350547537439
1295.0,0.09306622753261624
1296.0,0.09258560814864303
1297.0,0.09207949487245697
1298.0,0.09154238258245752
1299.0,0.09100954653801976
1300.0,0.09046556990273118
1301.0,0.08990672356584019
1302.0,0.08934151678274144
1303.0,0.08876419186927093
1304.0,0.0881704961864688
1305.0,0.08756779689601372
1306.0,0.0869571052571582
1307.0,0.08633822064115605
1308.0,0.08570519901939536
1309.0,0.08506740130896583
1310.0,0.0844207640952071
1311.0,0.08377459799745185
1312.0,0.08313475474389777
1313.0,0.08247449860976987
1314.0,0.081804122939498
1315.0,0.08112602812128483
1316.0,0.08044797804934578
1317.0,0.07975124568592662
1318.0,0.07906870591065344
1319.0,0.07839640744969902
1320.0,0.07771732356211088
1321.0,0.07703339984606579
1322.0,0.0763546615215011
1323.0,0.07566869604437838
1324.0,0.07500614669799875
1325.0,0.07435511227325398
1326.0,0.07370815510522537
1327.0,0.0730715015956
1328.0,0.07244816817657435
1329.0,0.07182828039300503
1330.0,0.07122291398500055
1331.0,0.07062465703070558
1332.0,0.07005516155350532
1333.0,0.06949665535291286
1334.0,0.06896426581566205
1335.0,0.06846621919298486
1336.0,0.0679802853330993
1337.0,0.06751545556684228
1338.0,0.06705794815047045
1339.0,0.06662141399063912
1340.0,0.06619770157210998
1341.0,0.06580345808158121
1342.0,0.06543070303133387
1343.0,0.06507222580216829
1344.0,0.06473387927127158
1345.0,0.0644168325556052
1346.0,0.06411125356710344
1347.0,0.06383327246348701
1348.0,0.06358713714190926
1349.0,0.06334689640993642
1350.0,0.06312282892949228
1351.0,0.06291116727653612
1352.0,0.0627124453032267
1353.0,0.06252645366360134
1354.0,0.06236468173405457
1355.0,0.062194319154090516
1356.0,0.062032073707007224
1357.0,0.061868465950882905
1358.0,0.061703569396470745
1359.0,0.06153807640451628
1360.0,0.06138375130401193
1361.0,0.061214793983287094
1362.0,0.06105038725919658
1363.0,0.06086183974328166
1364.0,0.060653481989940694
1365.0,0.06043986143100679
1366.0,0.06021055135460696
1367.0,0.05996461032678062
1368.0,0.05970735511949557
1369.0,0.05944070576208811
1370.0,0.05916167014255205
1371.0,0.058868064052962944
1372.0,0.05856280375769432
1373.0,0.05824461698473837
1374.0,0.05792112713011577
1375.0,0.05758488421140107
1376.0,0.05723830670205553
1377.0,0.05688011907400195
1378.0,0.05651837863745443
1379.0,0.056135539461230254
1380.0,0.05576429356616254
1381.0,0.05539090113308962
1382.0,0.05502715360599784
1383.0,0.05466702278614459
1384.0,0.05431538889614729
1385.0,0.05396352921930915
1386.0,0.05363477936458858
1387.0,0.05331224516939806
1388.0,0.05301518477682226
1389.0,0.05274048046778221
1390.0,0.0524861904157768
1391.0,0.05225438658188371
1392.0,0.052038452422577854
1393.0,0.05184091690190307
1394.0,0.05165786227420244
1395.0,0.05148029643515097
1396.0,0.05130928224639917
1397.0,0.05115984696243669
1398.0,0.05102434921024139
1399.0,0.05089843831839922
1400.0,0.050791355612411514
1401.0,0.05068980159108133
1402.0,0.050598014753307094
1403.0,0.05050949034451824
1404.0,0.050429181683429754
1405.0,0.0503579114134382
1406.0,0.050288367364999066
1407.0,0.050233459854431006
1408.0,0.050197842528601225
1409.0,0.050159309198025054
1410.0,0.05012535349228558
1411.0,0.05009688243519762
1412.0,0.05007191447846267
1413.0,0.05005160519640719
1414.0,0.05004138644594403
1415.0,0.05002840540907626
1416.0,0.050017939106243706
1417.0,0.05000684759460166
1418.0,0.04999225681322943
1419.0,0.04998282081678154
1420.0,0.04997569611878236
1421.0,0.049971635847306274
1422.0,0.04997095727834372
1423.0,0.04997691601212956
1424.0,0.04997302194960336
1425.0,0.04996936940357581
1426.0,0.0499628842852906
1427.0,0.04995065538371944
1428.0,0.04995490926986021
1429.0,0.049971030755001415
1430.0,0.04997473998966355
1431.0,0.04998461590072096
1432.0,0.04998529997603746
1433.0,0.04996995312123395
1434.0,0.04997074665746959
1435.0,0.049980156505631465
1436.0,0.049982758558555926
1437.0,0.04998720995631668
1438.0,0.04999058660119619
1439.0,0.04998897975720554
1440.0,0.049990831865879916
1441.0,0.049995359185183386
1442.0,0.05000013230076955
1443.0,0.05000938062607006
1444.0,0.050010794053542126
1445.0,0.05001038142649579
1446.0,0.05000806083622031
1447.0,0.04999215654630256
1448.0,0.04998986163431552
1449.0,0.04999813074422824
1450.0,0.0499999484852524
1451.0,0.05000221619872966
1452.0,0.05000803783165361
1453.0,0.05000857502368611
1454.0,0.05001630594058436
1455.0,0.05003456718323903
1456.0,0.050051217540561965
1457.0,0.05006846387593478
1458.0,0.05008731528689427
1459.0,0.050112299413309226
1460.0,0.05012991053767885
1461.0,0.05014617576655316
1462.0,0.05016262855364226
1463.0,0.050175546911253255
1464.0,0.050193859756248876
1465.0,0.05021553399449591
1466.0,0.050239963214615
1467.0,0.0502648166572636
1468.0,0.050290548247977636
1469.0,0.05031930768476508
1470.0,0.0503490274560186
1471.0,0.05038336057403515
1472.0,0.05042308412993479
1473.0,0.05046150518721976
1474.0,0.0505023153856753
1475.0,0.05054242923863599
1476.0,0.05057838745880006
1477.0,0.05062602804884077
1478.0,0.0506815522630473
1479.0,0.05073297113650839
1480.0,0.05079663876176924
1481.0,0.050843087278158776
1482.0,0.05087192356469725
1483.0,0.050916173287644056
1484.0,0.05095828328417275
1485.0,0.051005905147663455
1486.0,0.05106995702332503
1487.0,0.05112049905532867
1488.0,0.05116466086816156
1489.0,0.0512102308545439
1490.0,0.05124885399681631
1491.0,0.05129404936267247
1492.0,0.05133683752040501
1493.0,0.05139040828500833
1494.0,0.05145827542300709
1495.0,0.05151619650339058
1496.0,0.05157971610437155
1497.0,0.05163737799328972
1498.0,0.05168265330828529
1499.0,0.051732388360956116
1500.0,0.051781971931901385
1501.0,0.05183350181564743
1502.0,0.05188742464165856
1503.0,0.05194131118399133
1504.0,0.05199678263286248
1505.0,0.05205249311280457
1506.0,0.05211167082907868
1507.0,0.052160501438549604
1508.0,0.052217131227882074
1509.0,0.05228376098452982
1510.0,0.05235609129963827
1511.0,0.052430783894727814
1512.0,0.05250411187156604
1513.0,0.05257044815106977
1514.0,0.052625874470942725
1515.0,0.05266642174704112
1516.0,0.052721523331331635
1517.0,0.05277493452161179
1518.0,0.05282826677528484
1519.0,0.05288809747851254
1520.0,0.05294512921423439
1521.0,0.05299416274751831
1522.0,0.05305422778455502
1523.0,0.05312575518092767
1524.0,0.05318603182156933
1525.0,0.053242866872785774
1526.0,0.053302632424217726
1527.0,0.053359032716103025
1528.0,0.05341883871539692
1529.0,0.05347861787330518
1530.0,0.053548369016247724
1531.0,0.0536229776164401
1532.0,0.05369662435275699
1533.0,0.0537839715851256
1534.0,0.05385636608744548
1535.0,0.05392081649705205
1536.0,0.053983730418723466
1537.0,0.0540380364594937
1538.0,0.054098979490698786
1539.0,0.05415741411886966
1540.0,0.0542218531477222
1541.0,0.05429103154720805
1542.0,0.05436167719027337
1543.0,0.05443626684302097
1544.0,0.05451060456109496
1545.0,0.05459056858703994
1546.0,0.05466425943549554
1547.0,0.054736640889777186
1548.0,0.05480527295750417
1549.0,0.05486558911638698
1550.0,0.054931929352790426
1551.0,0.054998914852053354
1552.0,0.05506681621417501
1553.0,0.05513938037348436
1554.0,0.05520864219095697
1555.0,0.0552671141500897
1556.0,0.05534243728707831
1557.0,0.05542685068362906
1558.0,0.05551160851386042
1559.0,0.05561304683032048
1560.0,0.05570401445381119
1561.0,0.05578723382895957
1562.0,0.05587346267652313
1563.0,0.05596169025984295
1564.0,0.056044128834063914
1565.0,0.05612811839473494
1566.0,0.05620408219401977
1567.0,0.05626933212118334
1568.0,0.05633682844822958
1569.0,0.056399413929330865
1570.0,0.0564631807924659
1571.0,0.05652802989621647
1572.0,0.05659216730071871
1573.0,0.05664641640371317
1574.0,0.05671645769354962
1575.0,0.05679473282346032
1576.0,0.05687653930659443
1577.0,0.056978766182368856
1578.0,0.05706901335753076
1579.0,0.0571532150955818
1580.0,0.05723801803084719
1581.0,0.05731910118897292
1582.0,0.05739856078795653
1583.0,0.05747591447482145
1584.0,0.05755508541134789
1585.0,0.0576363508530927
1586.0,0.05771196627080072
1587.0,0.05778561783343868
1588.0,0.05785899898713704
1589.0,0.057923413989530256
1590.0,0.05799324493868847
1591.0,0.058072099736368205
1592.0,0.05814473709378921
1593.0,0.05821785033365239
1594.0,0.058284738389221574
1595.0,0.05835484963605978
1596.0,0.05841862898429128
1597.0,0.05848172979126574
1598.0,0.058550932908901926
1599.0,0.05861559209070855
1600.0,0.05867674905288296
1601.0,0.058739768141536454
1602.0,0.058801971169139565
1603.0,0.05887112877459288
1604.0,0.05893942877337296
1605.0,0.05901973415749003
1606.0,0.05911247491921126
1607.0,0.059194000641465794
1608.0,0.05927714422563863
1609.0,0.059360127608816905
1610.0,0.059439005439540275
1611.0,0.059518651619376826
1612.0,0.05959999641858048
1613.0,0.05968567100762972
1614.0,0.05976871990438516
1615.0,0.059858042118082024
1616.0,0.05995792870638004
1617.0,0.060047108616662605
1618.0,0.06013146798848711
1619.0,0.06022055590213604
1620.0,0.06031065672841599
1621.0,0.06039621159898798
1622.0,0.060482621835427505
1623.0,0.06056541610264423
1624.0,0.06064078581298251
1625.0,0.060724797583741455
1626.0,0.06081331236551664
1627.0,0.060896148030910556
1628.0,0.06097861572067219
1629.0,0.061063603687910875
1630.0,0.061150770071006035
1631.0,0.06122295680228123
1632.0,0.061294169041736936
1633.0,0.061356330159139556
1634.0,0.06139883620994478
1635.0,0.06146079484477879
1636.0,0.06152395071880056
1637.0,0.06160377958877542
1638.0,0.06169918078512644
1639.0,0.061778252120013796
1640.0,0.06186400164872349
1641.0,0.06193918290121997
1642.0,0.06199768790992253
1643.0,0.0620735587859676
1644.0,0.06215532337596937
1645.0,0.062241677903517235
1646.0,0.06233318471840528
1647.0,0.062424524585011854
1648.0,0.06251995787521245
1649.0,0.06261684863681702
1650.0,0.06271498525591943
1651.0,0.06280919167830157
1652.0,0.0629134464113773
1653.0,0.06300145162517798
1654.0,0.06307093057004698
1655.0,0.06313377385642724
1656.0,0.06319755440928801
1657.0,0.06326581147906872
1658.0,0.06332720325347088
1659.0,0.06337272279371733
1660.0,0.06341343547062074
1661.0,0.06345291634187301
1662.0,0.06349851381941617
1663.0,0.06356260346306263
1664.0,0.06362423643689201
1665.0,0.06368936448256808
1666.0,0.06375351116429802
1667.0,0.06379964389579859
1668.0,0.06385657803494453
1669.0,0.06392850096332203
1670.0,0.06399384533301708
1671.0,0.06406933202896471
1672.0,0.06413856553259431
1673.0,0.06416810269705966
1674.0,0.06419472438276812
1675.0,0.06424248852162127
1676.0,0.06429988582062805
1677.0,0.06435772340804932
1678.0,0.06441000763574521
1679.0,0.06443849441894277
1680.0,0.0644819920352661
1681.0,0.06454697134243004
1682.0,0.0645971011058273
1683.0,0.06463873027200889
1684.0,0.06468873315637572
1685.0,0.06472872520165943
1686.0,0.06478115285632728
1687.0,0.06485971828156697
1688.0,0.06491778696469401
1689.0,0.06496426445469207
1690.0,0.06501497717477786
1691.0,0.06505340865345623
1692.0,0.0651034348454641
1693.0,0.06517133700537718
1694.0,0.06522883703763523
1695.0,0.06528134340411902
1696.0,0.06533353124585252
1697.0,0.06537741458381348
1698.0,0.06542812736282141
1699.0,0.06548922648924817
1700.0,0.06554189083735826
1701.0,0.06559076707512158
1702.0,0.06563935883489323
1703.0,0.06567716982701352
1704.0,0.06572776265418274
1705.0,0.06579315765198143
1706.0,0.06584760568698475
1707.0,0.06590840595706947
1708.0,0.06595434708062675
1709.0,0.06598470197894671
1710.0,0.06601477856684557
1711.0,0.06603756257227561
1712.0,0.06605677971256597
1713.0,0.06606205308656861
1714.0,0.06609160157344524
1715.0,0.06613432767570873
1716.0,0.0661671878939832
1717.0,0.06621275727372392
1718.0,0.0662479604483514
1719.0,0.06626890507849904
1720.0,0.06629269075837674
1721.0,0.06632294111931428
1722.0,0.06634352552030195
1723.0,0.0663476052691187
1724.0,0.06637122439792248
1725.0,0.06640728329689875
1726.0,0.06642476108921881
1727.0,0.0664423563898627
1728.0,0.06645786209766397
1729.0,0.06645527881644928
1730.0,0.06646389861812216
1731.0,0.06648581719030215
1732.0,0.06648848104653177
1733.0,0.0665130618187466
1734.0,0.06654885722343054
1735.0,0.06655614201972057
1736.0,0.06659034036266302
1737.0,0.06663087503738492
1738.0,0.06666562954941369
1739.0,0.06670247974982847
1740.0,0.06670677788659049
1741.0,0.06670518266672618
1742.0,0.06671658870589019
1743.0,0.0667044470517794
1744.0,0.06668918101379177
1745.0,0.06670265317369911
1746.0,0.06669697349315852
1747.0,0.06671427943547507
1748.0,0.06677188005860103
1749.0,0.06679793725629848
1750.0,0.06683009332659699
1751.0,0.06685378224087639
1752.0,0.0668504758240802
1753.0,0.06686147036719729
1754.0,0.06687352755175895
1755.0,0.06688789513009412
1756.0,0.06691195275969261
1757.0,0.06692715003193878
1758.0,0.0669269440871764
1759.0,0.06694480910413192
1760.0,0.06697139229160924
1761.0,0.06699538783640978
1762.0,0.06702596403720346
1763.0,0.06705986158659503
1764.0,0.06709194573816844
1765.0,0.06713096952730079
1766.0,0.06717816089397982
1767.0,0.0672320924031021
1768.0,0.06730284400318687
1769.0,0.0673454216398748
1770.0,0.06737171623613457
1771.0,0.06741441032262549
1772.0,0.06744125248114029
1773.0,0.06749777327961601
1774.0,0.06758157157594762
1775.0,0.06764723668265232
1776.0,0.06772642826172812
1777.0,0.06779662066705572
1778.0,0.06788816921243704
1779.0,0.06797615225818376
1780.0,0.06806289369834712
1781.0,0.06816444666842572
1782.0,0.06825641711245718
1783.0,0.06835833124566564
1784.0,0.0684680086372676
1785.0,0.0685522649771681
1786.0,0.0686309335046171
1787.0,0.0687357036611207
1788.0,0.06882199858267388
1789.0,0.06889995726053309
1790.0,0.06900315018635743
1791.0,0.06906842041892503
1792.0,0.06910624164501067
1793.0,0.06916439817063308
1794.0,0.06923810372886906
1795.0,0.06932820879586508
1796.0,0.06943761074164931
1797.0,0.06954237997613207
1798.0,0.06961800695440797
1799.0,0.06970043789372742
1800.0,0.06978524568188374
1801.0,0.06653422767114586
1802.0,0.06661888824575009
1803.0,0.06668435511229967
1804.0,0.06673522055777663
1805.0,0.0667934154750315
1806.0,0.06684869149049419
1807.0,0.06690977957441278
1808.0,0.06698522062929436
1809.0,0.06704202800559964
1810.0,0.06709319952046942
1811.0,0.0671392723551181
1812.0,0.06719655834795468
1813.0,0.0672397838137346
1814.0,0.06730149232362861
1815.0,0.06738375450103319
1816.0,0.06745909966664562
1817.0,0.06753973073826229
1818.0,0.06761317005697923
1819.0,0.06768017697828733
1820.0,0.06775632910217633
1821.0,0.0678343753216189
1822.0,0.0679160694786496
1823.0,0.06798596033435796
1824.0,0.06807557586724373
1825.0,0.06812554298226985
1826.0,0.06812850995255855
1827.0,0.06816446424992337
1828.0,0.06820663078290326
1829.0,0.06823596999863453
1830.0,0.06826313458747714
1831.0,0.0683002273772099
1832.0,0.06834635350397787
1833.0,0.06838215772480198
1834.0,0.06843032538585753
1835.0,0.06850590129582267
1836.0,0.06856854039943666
1837.0,0.0686293002864252
1838.0,0.06867842474268754
1839.0,0.06872761293958812
1840.0,0.06878507153965521
1841.0,0.06879758492451954
1842.0,0.06877262468737844
1843.0,0.06877050956731343
1844.0,0.06875011451148143
1845.0,0.06873636781882382
1846.0,0.06873483187504133
1847.0,0.06872621312995972
1848.0,0.06869273038791289
1849.0,0.06868669313844065
1850.0,0.06869172101526101
1851.0,0.06871056219102582
1852.0,0.06872736786178703
1853.0,0.06875963080333515
1854.0,0.0687811022220101
1855.0,0.0687972885654552
1856.0,0.06881559698258165
1857.0,0.0688500637566638
1858.0,0.06885777684088874
1859.0,0.06884970242965227
1860.0,0.06884817341749042
1861.0,0.06882283584409483
1862.0,0.06878282233462127
1863.0,0.06876928186915075
1864.0,0.06877470054158816
1865.0,0.06876233860963692
1866.0,0.06875444215067486
1867.0,0.0687424065569489
1868.0,0.06871262622754777
1869.0,0.06869112116490761
1870.0,0.06866342233103609
1871.0,0.06866240609047611
1872.0,0.06867474210456392
1873.0,0.06868266661231094
1874.0,0.0686687553930455
1875.0,0.06865828065987176
1876.0,0.06862225026885894
1877.0,0.06854519165567985
1878.0,0.06849317853076366
1879.0,0.06843559864941336
1880.0,0.06840245861863506
1881.0,0.06835325056480558
1882.0,0.06829113035558601
1883.0,0.06825161120513196
1884.0,0.06822649313598014
1885.0,0.06823583186500515
1886.0,0.0682471686240217
1887.0,0.0682627263637519
1888.0,0.06828414607131639
1889.0,0.06831618120519374
1890.0,0.06834647778651935
1891.0,0.06839926585397614
1892.0,0.06848222757460345
1893.0,0.06854855078083077
1894.0,0.06858743517693723
1895.0,0.06867017808363537
1896.0,0.06876723082087158
1897.0,0.0688407340451586
1898.0,0.0689231848268457
1899.0,0.06902254459361021
1900.0,0.06911475903579616
1901.0,0.0691980519360583
1902.0,0.06928840807426777
1903.0,0.06937270616511418
1904.0,0.0694694016653782
1905.0,0.06955256935208652
1906.0,0.06961193443537374
1907.0,0.06967142552250294
1908.0,0.06971410382513044
1909.0,0.06974926823624018
1910.0,0.06974787266859407
1911.0,0.06978305710933753
1912.0,0.06983347162594025
1913.0,0.06987752880459887
1914.0,0.06991952100121872
1915.0,0.06998476916133779
1916.0,0.07004332953381899
1917.0,0.07009926331184696
1918.0,0.0701768132065307
1919.0,0.0702455335365577
1920.0,0.07030599268774818
1921.0,0.07035736199920267
1922.0,0.07040856610487745
1923.0,0.07045047538757856
1924.0,0.07050265647384985
1925.0,0.07055691039154678
1926.0,0.07061918514846606
1927.0,0.07068700110952592
1928.0,0.0707432463387148
1929.0,0.07079987677477913
1930.0,0.07086043263815578
1931.0,0.07090346857344426
1932.0,0.0709523060040381
1933.0,0.07100808589696189
1934.0,0.07106170042033783
1935.0,0.07111493244857782
1936.0,0.07119602376972649
1937.0,0.07128563786534743
1938.0,0.07135786913824105
1939.0,0.07141936003430502
1940.0,0.07149976416930988
1941.0,0.07158283962717449
1942.0,0.07167675696758886
1943.0,0.07178099293148818
1944.0,0.07186282304581718
1945.0,0.0719464242604391
1946.0,0.07201406715336901
1947.0,0.07209249112345147
1948.0,0.07219295207175626
1949.0,0.07229378226632163
1950.0,0.07237780543963061
1951.0,0.0724528722773613
1952.0,0.0725191483387983
1953.0,0.0725809178860726
1954.0,0.07265137739888781
1955.0,0.07272649334798577
1956.0,0.07280626180894333
1957.0,0.07289052632127273
1958.0,0.07296515647526777
1959.0,0.07303374891383868
1960.0,0.07312316110068741
1961.0,0.07321159642153835
1962.0,0.07331326182045864
1963.0,0.07342924009679896
1964.0,0.07354767686759363
1965.0,0.07364445828055319
1966.0,0.07371301713987634
1967.0,0.07379620628331483
1968.0,0.07387069154671123
1969.0,0.07394932773972444
1970.0,0.0740275657959518
1971.0,0.07412255862352785
1972.0,0.07418320267537418
1973.0,0.07423282269745456
1974.0,0.07430161421740948
1975.0,0.07436162206966443
1976.0,0.07443567659743285
1977.0,0.07452562727632604
1978.0,0.0745630304787372
1979.0,0.07460102523023501
1980.0,0.07466811644648459
1981.0,0.07473903768837153
1982.0,0.07482126732122793
1983.0,0.07493132225502111
1984.0,0.07504872317681555
1985.0,0.07513680686717891
1986.0,0.07523784857151665
1987.0,0.0753381167846787
1988.0,0.07543670837254918
1989.0,0.07552961099727555
1990.0,0.07561238797356837
1991.0,0.07570075404662267
1992.0,0.07576393416532126
1993.0,0.07585118775080837
1994.0,0.07597159993664603
1995.0,0.0760585465457922
1996.0,0.07613245928749703
1997.0,0.0762165967125264
1998.0,0.07629332104872728
1999.0,0.07634106919775757
2000.0,0.07641246866280466
2001.0,0.0765143297837934
2002.0,0.07662255257642403
2003.0,0.07674431534472642
2004.0,0.07689163380773022
2005.0,0.07704675446515001
2006.0,0.07718416059601621
2007.0,0.07732169091178982
2008.0,0.07744523690111321
2009.0,0.07752952624685348
2010.0,0.0776559723159001
2011.0,0.07780504088484826
2012.0,0.0779305982431348
2013.0,0.07808818601483744
2014.0,0.07823995745310551
2015.0,0.0783246024962931
2016.0,0.07841918056955001
2017.0,0.07851350339921637
2018.0,0.07860431803286623
2019.0,0.07870757924328044
2020.0,0.07883612706513442
2021.0,0.07894161313064178
2022.0,0.07903009465527619
2023.0,0.07913563400199079
2024.0,0.07925027932082031
2025.0,0.07935435158137027
2026.0,0.07945668480127674
2027.0,0.07954414088831013
2028.0,0.0795728619379024
2029.0,0.07964849967669677
2030.0,0.07976484347831242
2031.0,0.07985934945578708
2032.0,0.07995998800113686
2033.0,0.08008848071299526
2034.0,0.08018847410910371
2035.0,0.0802611494842126
2036.0,0.08035955970956254
2037.0,0.0804751951311435
2038.0,0.08057451228055114
2039.0,0.08067906891772612
2040.0,0.08075796719859032
2041.0,0.080827211602418
2042.0,0.08091794469152844
2043.0,0.08100458799989252
2044.0,0.08109776698080894
2045.0,0.08120001004178794
2046.0,0.08131952841214034
2047.0,0.08142023532959929
2048.0,0.08152763128100797
2049.0,0.0816182671026876
2050.0,0.08167709811673977
2051.0,0.08176317808698143
2052.0,0.08186921947314914
2053.0,0.08195384672007669
2054.0,0.08203629200534075
2055.0,0.0821229527745536
2056.0,0.08219410671180294
2057.0,0.08225988688554874
2058.0,0.08236002503223873
2059.0,0.08246872858174205
2060.0,0.08256196277994833
2061.0,0.08264833820550793
2062.0,0.0827431591674564
2063.0,0.08283127723204131
2064.0,0.08293247704723543
2065.0,0.08305834667527225
2066.0,0.08316634707851238
2067.0,0.08325606552971329
2068.0,0.08336180552801586
2069.0,0.0834810217672693
2070.0,0.08357606725213707
2071.0,0.08369288235182754
2072.0,0.08380901938349908
2073.0,0.0839102646848847
2074.0,0.08404222281353942
2075.0,0.08416250110772701
2076.0,0.08428706219099384
2077.0,0.08441400726903737
2078.0,0.08454547539731493
2079.0,0.08466354205687501
2080.0,0.08477380182210341
2081.0,0.0848922003202724
2082.0,0.08500526550941744
2083.0,0.08512198248424284
2084.0,0.08525707027360281
2085.0,0.08537142838759473
2086.0,0.0854691929414026
2087.0,0.0855775508856811
2088.0,0.08564706993345335
2089.0,0.08574841583308776
2090.0,0.08589309095830437
2091.0,0.08599374153991375
2092.0,0.08612874352655528
2093.0,0.08631532446073292
2094.0,0.08645562826040262
2095.0,0.0865619384825614
2096.0,0.08669808892001246
2097.0,0.08683892333474172
2098.0,0.08696927257543315
2099.0,0.08710843307345012
2100.0,0.08725532791221921
2101.0,0.08738224903060997
2102.0,0.08752418500855082
2103.0,0.08767704224100131
2104.0,0.08786762103716174
2105.0,0.08802187360927641
2106.0,0.08815690653589119
2107.0,0.08828159032397458
2108.0,0.08836587486853045
2109.0,0.08849692133873018
2110.0,0.08862856246968215
2111.0,0.08879018536213765
2112.0,0.0889976946838736
2113.0,0.08917504927152167
2114.0,0.08936050226839398
2115.0,0.08953261840591714
2116.0,0.08967623482582703
2117.0,0.08984802087784467
2118.0,0.09003475984404721
2119.0,0.09021806772576763
2120.0,0.09043166996839012
2121.0,0.09060621221481144
2122.0,0.090780781369699
2123.0,0.09093751846336035
2124.0,0.0910849063386013
2125.0,0.09121583646541112
2126.0,0.09136520027799598
2127.0,0.09149992244706634
2128.0,0.09165461687589437
2129.0,0.09182564226867537
2130.0,0.09199052158773832
2131.0,0.0921800789177581
2132.0,0.09233298537156619
2133.0,0.0924656036685657
2134.0,0.09260749634818928
2135.0,0.09271066093942318
2136.0,0.09284463152191362
2137.0,0.0930116889104046
2138.0,0.09316917297887273
2139.0,0.09329870935571172
2140.0,0.09345717477729167
2141.0,0.09356671055629882
2142.0,0.09365744042709405
2143.0,0.09376507560561578
2144.0,0.09386589512625881
2145.0,0.09396668546228107
2146.0,0.09407945823211933
2147.0,0.09417855222104782
2148.0,0.09424775297938578
2149.0,0.09435858871190776
2150.0,0.09449851725070983
2151.0,0.09461765736911877
2152.0,0.09476601221731845
2153.0,0.0948750137751186
2154.0,0.09494314332130638
2155.0,0.09502038378034466
2156.0,0.0950736928852805
2157.0,0.09515057748674358
2158.0,0.09522003108900029
2159.0,0.09532412004188083
2160.0,0.09547221466618674
2161.0,0.0956054914280626
2162.0,0.0957345750930759
2163.0,0.09587830674619169
2164.0,0.09600910479235858
2165.0,0.09611299475310035
2166.0,0.09625275760719905
2167.0,0.09640798120139962
2168.0,0.09657291169986441
2169.0,0.0967856231482573
2170.0,0.09693386149482804
2171.0,0.09703910836865588
2172.0,0.09718582863444965
2173.0,0.09732002670497576
2174.0,0.09744854671401343
2175.0,0.09762036160394008
2176.0,0.09776553484506884
2177.0,0.0978577695979515
2178.0,0.09797629067529903
2179.0,0.09812217573167369
2180.0,0.09825046557210004
2181.0,0.09833972155999006
2182.0,0.09848143645586489
2183.0,0.09856128538784156
2184.0,0.09862932396240634
2185.0,0.09872912213838411
2186.0,0.09883862346851095
2187.0,0.09893745821628129
2188.0,0.0990617455623049
2189.0,0.09915639874525195
2190.0,0.09920027646891691
2191.0,0.09931003718362019
2192.0,0.0994291119448988
2193.0,0.09958944206727977
2194.0,0.09982322113255339
2195.0,0.10001837075880377
2196.0,0.10023010096122077
2197.0,0.10041693955979959
2198.0,0.1005743968253235
2199.0,0.10074981092157481
2200.0,0.10093903241266579
2201.0,0.10109783072642607
2202.0,0.10126127710591783
2203.0,0.10143720858532762
2204.0,0.10158095046896465
2205.0,0.10173422459471085
2206.0,0.10187518064686255
2207.0,0.10199366725453843
2208.0,0.1021361351850989
2209.0,0.10225690626506106
2210.0,0.10244109534346757
2211.0,0.10268463134735428
2212.0,0.10288568319634152
2213.0,0.10311284967658929
2214.0,0.1033103220437764
2215.0,0.10345676840175701
2216.0,0.10364175457305518
2217.0,0.10387724740795556
2218.0,0.1040463705962023
2219.0,0.10416075740363254
2220.0,0.10431667369542377
2221.0,0.10447639011050505
2222.0,0.10460492308899874
2223.0,0.10474278403171844
2224.0,0.10489327394074334
2225.0,0.10498611663315857
2226.0,0.10511568848961234
2227.0,0.105321422517204
2228.0,0.10548989303308615
2229.0,0.10557806779754224
2230.0,0.10562541766608372
2231.0,0.10565586614468297
2232.0,0.10574435834998457
2233.0,0.105891193338522
2234.0,0.10605632441494751
2235.0,0.1062001319571153
2236.0,0.1063510654204499
2237.0,0.10647383313767486
2238.0,0.10656038418944114
2239.0,0.10669936821081846
2240.0,0.10685218068638277
2241.0,0.1069776595078148
2242.0,0.10713919963914682
2243.0,0.10725586718312474
2244.0,0.10731749541802224
2245.0,0.10741576092039762
2246.0,0.10750522320970476
2247.0,0.1076241671569107
2248.0,0.10777099560648667
2249.0,0.10789251481161187
2250.0,0.10801818283321057
2251.0,0.10814716808273449
2252.0,0.10831116906449219
2253.0,0.10840116502353216
2254.0,0.10843462128344421
2255.0,0.10849759534678062
2256.0,0.10854798872804311
2257.0,0.1085866364258897
2258.0,0.10871229705413755
2259.0,0.10884122859225259
2260.0,0.10895345887025108
2261.0,0.1090638694150455
2262.0,0.10922388094674447
2263.0,0.1094070217219004
2264.0,0.1095323148347798
2265.0,0.10971217126582758
2266.0,0.10984786655136554
2267.0,0.10994447212973829
2268.0,0.11004228879972022
2269.0,0.11011068454935327
2270.0,0.11024290887864188
2271.0,0.11042702699043602
2272.0,0.11053345669069375
2273.0,0.11065651670615614
2274.0,0.11072262717559662
2275.0,0.11064722692768697
2276.0,0.1107148407532186
2277.0,0.11088988484278174
2278.0,0.11098679302689698
2279.0,0.11110669382747328
2280.0,0.11118934694484632
2281.0,0.11116245299940981
2282.0,0.11122241714514593
2283.0,0.11135244460439302
2284.0,0.11144837555198502
2285.0,0.11156349211051092
2286.0,0.111657473728989
2287.0,0.1116951266865794
2288.0,0.11176501537329708
2289.0,0.11181094524883062
2290.0,0.11196728544946483
2291.0,0.11214928819592149
2292.0,0.11227159109685599
2293.0,0.1122966838791615
2294.0,0.11237137616159237
2295.0,0.11238126090658389
2296.0,0.11239508573106453
2297.0,0.1124931966546872
2298.0,0.11250102329335226
2299.0,0.1125327654126448
2300.0,0.11268551831329494
2301.0,0.11287388346368146
2302.0,0.11307929056944749
2303.0,0.11322842532707084
2304.0,0.11323698787823679
2305.0,0.11323270781380818
2306.0,0.11323468746203355
2307.0,0.11329453770004598
2308.0,0.11344993132722606
2309.0,0.11358651547476341
2310.0,0.11379865119704577
2311.0,0.11392200677200233
2312.0,0.11399584751127141
2313.0,0.11408981283582094
2314.0,0.11416703613719467
2315.0,0.11426416169218365
2316.0,0.11435540219812478
2317.0,0.11447097990066585
2318.0,0.11459230435292377
2319.0,0.11472681646211204
2320.0,0.11488951731056044
2321.0,0.11507091468379667
2322.0,0.11524271019678504
2323.0,0.11546407687737367
2324.0,0.11580734671387392
2325.0,0.11600487825258773
2326.0,0.11614183541957868
2327.0,0.11633015434786655
2328.0,0.1164137613201805
2329.0,0.11656062402588595
2330.0,0.11682115703238016
2331.0,0.11701461056360263
2332.0,0.1171631648416678
2333.0,0.11731910827626503
2334.0,0.11746691807333892
2335.0,0.11762904822211787
2336.0,0.11785730923332895
2337.0,0.11797675412350549
2338.0,0.11795766762208328
2339.0,0.11809094039513873
2340.0,0.11824265548793968
2341.0,0.11835294076801792
2342.0,0.11866529024849436
2343.0,0.11887581196122131
2344.0,0.11896327309030853
2345.0,0.11913604262938779
2346.0,0.11924693182950948
2347.0,0.11939120703079441
2348.0,0.1196012556060576
2349.0,0.1198076548468898
2350.0,0.12000179416656344
2351.0,0.12030104874148374
2352.0,0.12053302838331917
2353.0,0.12055683495853749
2354.0,0.1207589382999282
2355.0,0.12105062770544672
2356.0,0.1211815509927155
2357.0,0.1214890978191913
2358.0,0.12182419682011168
2359.0,0.12185027513852058
2360.0,0.12203449011999928
2361.0,0.12227813605624054
2362.0,0.12243223299942994
2363.0,0.1227470095942187
2364.0,0.12286888595631273
2365.0,0.12284385946681348
2366.0,0.1229668510549597
2367.0,0.12311832957782073
2368.0,0.12349158006687808
2369.0,0.1239858341711956
2370.0,0.12402983089820101
2371.0,0.12395076889869597
2372.0,0.12406241147977531
2373.0,0.1241906770565811
2374.0,0.1243658083276787
2375.0,0.12474121734610209
2376.0,0.12518435672823514
2377.0,0.12539490021456698
2378.0,0.1256122458280995
2379.0,0.12578731884455796
2380.0,0.12566348373194516
2381.0,0.125720063942052
2382.0,0.1259474863111297
2383.0,0.1261918592775406
2384.0,0.12670318706668715
2385.0,0.126843160368335
2386.0,0.12686071483021846
2387.0,0.12733495041146428
2388.0,0.12747820801464682
2389.0,0.12744845293150509
2390.0,0.1276084312324746
2391.0,0.12734626134265017
2392.0,0.12689714171332653
2393.0,0.12681298357485996
2394.0,0.1269257717136861
2395.0,0.127201694983697
2396.0,0.12753483849530037
2397.0,0.12776758617105363
2398.0,0.1279708582539371
2399.0,0.12797109958225178
2400.0,0.1282177688286054
2401.0,0.1285399639325428
2402.0,0.12849393240979667
2403.0,0.1287583317379086
2404.0,0.12895564731600148
2405.0,0.12913986319632156
2406.0,0.12950680808587656
2407.0,0.12977645396601808
2408.0,0.13015127870342
2409.0,0.13011668876298482
2410.0,0.12998550367521355
2411.0,0.1302068487180205
2412.0,0.1304451772746917
2413.0,0.130890427277825
2414.0,0.13172387216333883
2415.0,0.13225818663028435
2416.0,0.1323441496194998
2417.0,0.13244028259643867
2418.0,0.13249230677775248
2419.0,0.1328062394271191
2420.0,0.13308610961481104
2421.0,0.1334014444690992
2422.0,0.13380130736444296
2423.0,0.13359802523092087
2424.0,0.13381864018994985
2425.0,0.13426596826778694
2426.0,0.13429690860575047
2427.0,0.13474526162751552
2428.0,0.135076890667189
2429.0,0.13469554044003773
2430.0,0.1345344185550003
2431.0,0.13495063989972209
2432.0,0.13515265047622824
2433.0,0.13574967541951036
2434.0,0.1366832728028051
2435.0,0.13698048226329057
2436.0,0.137054007339607
2437.0,0.1369218050860581
2438.0,0.13651572969191655
2439.0,0.13595461155442723
2440.0,0.13568207497774912
2441.0,0.13599044685145062
2442.0,0.13627595986022834
2443.0,0.13650801069646584
2444.0,0.13673814005813045
2445.0,0.13668354885523143
2446.0,0.13671755630923607
2447.0,0.13723754453347162
2448.0,0.1375932638318049
2449.0,0.13746718820604756
2450.0,0.13740604661381361
2451.0,0.13792653022058005
2452.0,0.13864627301604956
2453.0,0.13912488323992286
2454.0,0.13961341649156941
2455.0,0.139296611626384
2456.0,0.13898466791174652
2457.0,0.13954242413238316
2458.0,0.1398601733221053
2459.0,0.14017544485217862
2460.0,0.14033608619763513
2461.0,0.14036455832006398
2462.0,0.14114931993493643
2463.0,0.14243227433303743
2464.0,0.1431029896771692
2465.0,0.14364196323904244
2466.0,0.1437000214297793
2467.0,0.1433800677082852
2468.0,0.14345251774382753
2469.0,0.14334434423374573
2470.0,0.14398309772844486
2471.0,0.14369713314589797
2472.0,0.14291160791615773
2473.0,0.14283670162423265
2474.0,0.14228798656724825
2475.0,0.14221584054024405
2476.0,0.1432782321205945
2477.0,0.14420894232778944
2478.0,0.14482264571533685
2479.0,0.14575415569336836
2480.0,0.1458400861648391
2481.0,0.1442784808882226
2482.0,0.14385252937114448
2483.0,0.14486643975186947
2484.0,0.1454750936007082
2485.0,0.14698948721918315
2486.0,0.14814122733813714
2487.0,0.1480815283252188
2488.0,0.1485243666256968
2489.0,0.14819164738710894
2490.0,0.14721516797001014
2491.0,0.1477222663277928
2492.0,0.14810805991912548
2493.0,0.14876586742730707
2494.0,0.1502665913534549
2495.0,0.15007302678964154
2496.0,0.14972270316900302
2497.0,0.15030077887839471
2498.0,0.1512553762512156
2499.0,0.15069645445531707
2500.0,0.1507463277182604
